ID,Idea,Description,Difficulty,Est. Hours,Monetization,Source,Date Found,Notes
1,Lightweight DB query monitor,SaaS that captures and visualizes real-time SQL traffic for PostgreSQL/MySQL; alerts on slow queries and suspicious patterns. Minimal agent or read-only connection.,Medium,80,"Subscription (tiered), per-host pricing, free trial",https://news.ycombinator.com/item?id=47011567,2026-02-14 08:28,Prototype: basic real-time dashboard + alerting.
2,Local-AI screenshot utility (SaaS companion),"Build a cloud companion (sync, billing, plugin marketplace) for existing local-AI screenshot tools to enable paid features and team sharing.",Easy,40,"Freemium + paid plugins, team plans",r/SaaS launch post (user story) https://www.reddit.com/r/SaaS/comments/1qx8bzd/launched_my_first_saas_yesterday_woke_up_to_3/,2026-02-14 08:28,Reach out to dev; potential early partnership.
3,LeadSynth-style buyer detector,"Lightweight lead scoring + buyer-detection webhook service for small SaaS websites: scrape interactions, score intent, send leads to CRM.",Medium,120,Subscription + per-lead add-on,Indie Hackers / Product: LeadSynth https://www.indiehackers.com/product/leadsynthai,2026-02-14 08:28,MVP: Chrome extension + webhook endpoint.
4,No-show reduction scheduler,Small service for appointment-based businesses to confirm bookings via SMS/WhatsApp and collect simple confirmations to reduce no-shows.,Easy,60,Monthly per-seat + pay-per-message,Indie Hackers product 'Care Confirm' https://www.indiehackers.com/product/care-confirm,2026-02-14 08:28,"Integrate Twilio; target salons, clinics."
5,Automated security checklist (CyberChecker),"SaaS that runs lightweight security checks and compliance checklist for small dev teams (CI integrations, dependency checks, basic pentest heuristics).",Medium,140,"Subscription, enterprise scanning credits",Indie Hackers 'CyberChecker' mention https://www.indiehackers.com/product/cyberchecker,2026-02-14 08:28,Starter plan + GitHub app possible.
6,Anonymous feedback + AI action plans (FeedB clone),"QR/link-based anonymous feedback collection with AI sentiment analysis, pattern detection, and auto-generated action plans. Anonymous reply feature.",Easy,50,Freemium (free tier + paid AI insights/unlimited responses),r/SaaS https://www.reddit.com/r/SaaS/comments/1r4xsfa/,2026-02-14 18:00,"Target freelancers, salons, clinics. Very fast MVP possible."
7,macOS bookmark manager sidebar,"Native macOS app that attaches as a sidebar to any browser for bookmark management, tagging, search. Could add cloud sync as SaaS layer.",Medium,90,One-time purchase + optional cloud sync subscription,HN Show https://github.com/Geek-1001/arcmark,2026-02-14 18:00,Cross-platform expansion later; start macOS-only.
8,Embeddable web agent (Rover-style),"Drop-in JS widget that adds an AI agent to any website for customer support, onboarding, or sales. Configure via dashboard.",Hard,200,Usage-based (per-conversation) + monthly plans,HN Show https://www.rtrvr.ai/,2026-02-14 18:00,Competitive space but high demand; niche down to specific verticals.
9,GitHub PR review helper (lines viewed tracker),"Chrome extension + SaaS dashboard that tracks which lines you've reviewed in large PRs, with team analytics and review progress tracking.",Easy,30,Freemium extension + paid team dashboard,HN Show https://chromewebstore.google.com/detail/github-lines-viewed/npledcbofpmjjammgkkoeaehbphhdopi,2026-02-14 18:00,Smallest MVP on the list. Ship in a weekend.
10,Community Notes for Discord (Open Notes),Bot + dashboard that adds Community Notes-style context/fact-checking to Discord servers. Crowdsourced moderation.,Medium,100,"Freemium bot + premium features (analytics, custom rules, priority support)",HN Show https://opennotes.ai/discord-bot,2026-02-14 18:00,Growing need for Discord moderation tools.
11,AI proposal builder for RFPs,"Upload past resumes, projects, certs once; AI assembles compliant proposals from YOUR content library when new RFPs arrive. No hallucinations.",Medium,150,"Subscription per-seat, tiered by proposal volume",r/SaaS https://www.reddit.com/r/SaaS/comments/1r53hrg/,2026-02-14 22:00,Real user validated (1 week → 1.5 days). Construction/consulting.
12,Offline AI toolkit (mobile),"Mobile app running text gen, image gen, vision models entirely offline on-device. No API keys, no data leaves phone.",Hard,180,One-time purchase + premium model pack IAPs,HN Show https://github.com/alichherawalla/off-grid-mobile,2026-02-14 22:00,Privacy-first angle; growing local AI demand.
13,Self-tracing pipeline language (dev tool),IDE plugin/hosted playground for pipeline language where every step auto-traces. Debug and observe data flows visually.,Hard,200,Freemium playground + paid team/enterprise hosted,HN Show https://github.com/crux-ecosystem/mol-lang,2026-02-14 22:00,Niche but dev-tools charge premium.
14,Lightweight network monitoring (NMS),Small self-hosted or SaaS network monitor. SNMP/syslog/NetFlow collection + alerts dashboard. Built with Go.,Medium,120,Open-core: free self-hosted + paid cloud/managed,HN Show https://github.com/twsnmp/twsnmpfk,2026-02-14 22:00,Compete on simplicity vs bloated enterprise NMS.
15,Bank statement converter SaaS,"Upload bank statements (PDF/CSV), auto-parse and convert to standardized formats for accounting/loans/bookkeeping.",Easy,40,Pay-per-conversion + monthly sub,IndieHackers https://www.indiehackers.com/product/bankstatemently,2026-02-14 22:00,Simple utility; accountants need this daily.
16,SEO utility tools collection,"Build a collection of small, fast web utilities (converters, formatters, calculators) optimized for SEO with multi-language support. Each tool is its own traffic source.",Easy,60,Ads + sponsorships + premium/ad-free tier,r/SaaS https://www.reddit.com/r/SaaS/comments/1r2mx24/,2026-02-15 06:00,"Proven model: 600K monthly users. No launch needed, just consistent SEO. Long game."
17,AI agent knowledge base (Shareful-style),"Stack Overflow-style platform for sharing AI coding agent prompts, configs, and workflows. Community-driven Q&A.",Medium,100,"Freemium + premium team features, sponsored listings",HN Show https://shareful.ai/,2026-02-15 06:00,Emerging niche; AI agents exploding. First-mover advantage matters.
18,Doc freshness enforcer (SaaS),"CI/CD integration that detects stale documentation by tracking code changes vs doc updates, blocks PRs with outdated docs.",Easy,50,Freemium (open-source core) + paid team dashboard/analytics,HN Show https://github.com/suhteevah/docsync,2026-02-15 06:00,Real pain point for eng teams. GitHub App + dashboard MVP.
19,Video-to-knowledge extractor,"Upload meeting recordings or video content, auto-extract structured knowledge: action items, decisions, key topics, searchable transcripts.",Medium,120,Usage-based (per-video-hour) + monthly plans,HN Show https://github.com/ConflictHQ/PlanOpticon,2026-02-15 06:00,"Combine whisper + LLM summarization. Compete on structure, not just transcription."
20,Outcome-as-a-Service platform builder,"Framework/platform to sell business outcomes (qualified leads, written content, processed invoices) instead of software seats. Uses AI agents internally.",Hard,200,Revenue share or per-outcome pricing,r/SaaS https://www.reddit.com/r/Failed_Startups/comments/1r5a4ar/,2026-02-15 06:00,Meta-trend: seat-based SaaS dying. Build the infra for outcome sellers.
21,OG image API (no headless browser),API service that generates Open Graph / social preview images from templates via simple HTTP calls. No Puppeteer/Playwright needed.,Easy,30,Freemium (free tier + paid volume/custom templates),HN Show https://ogimg.xyz,2026-02-15 10:00,"Tiny MVP, clear demand. Every dev site needs OG images. Compete on speed + DX."
22,Webhook debugger & retry dashboard (HookTrace),"SaaS to inspect failed webhooks, view payloads, replay/retry, and monitor delivery health. Drop-in for any app sending webhooks.",Easy,40,Freemium + paid team/volume tiers,HN Show https://www.hooktrace.xyz,2026-02-15 10:00,Every SaaS sends webhooks; debugging them is painful. Quick ship.
23,Failed payment recovery (RevenueBack),"Automated dunning service to recover failed subscription payments: smart retry logic, email sequences, payment method updater.",Medium,80,% of recovered revenue or flat monthly,HN Show https://revenueback.pages.dev,2026-02-15 10:00,"Direct ROI pitch: ""we make you money."" Integrates with Stripe/Paddle."
24,Crowdsourced price tracker (What I Paid),Users upload receipt photos → OCR extracts prices → crowdsourced database of real prices by location. API for comparison apps.,Medium,100,API access fees + affiliate/comparison shopping + ads,HN Show https://what-i-paid.com/,2026-02-15 10:00,Consumer play but API monetization for B2B (price intelligence).
25,Privacy-first mobile analytics (Respectlytics),Open-core mobile analytics SDK that collects no PII. Self-hostable with optional cloud dashboard. GDPR/privacy-first positioning.,Medium,90,Open-core: free self-host + paid cloud dashboard/support,HN Show https://github.com/respectlytics/respectlytics,2026-02-15 10:00,Privacy regulations tightening globally. Clear differentiator vs Firebase/Amplitude.
26,PII sanitizer API,Browser/API tool that detects and strips PII from text before sending to LLMs. Prompt injection scanner included.,Easy,35,Freemium API (free tier + paid volume),HN Show https://funwithtext.com/pii-sanitizer.html,2026-02-15 14:00,Critical need as LLM adoption grows. Enterprise compliance angle. Tiny MVP.
27,API marketplace with per-request crypto payments,"Self-service platform where devs list APIs and buyers pay per-request with USDC. No subscriptions, pure usage.",Hard,160,Transaction fee (% of each API call),HN Show https://apiosk.com,2026-02-15 14:00,Interesting model but crypto payments limit adoption. Watch for traction.
28,AI agent deployment agency (productized service),"Managed service deploying AI agent stacks for SMBs ($2K–$10K). Templates, connectors, hosting. Agencies charging this now.",Easy,40,One-time setup fee + monthly management retainer,r/SaaS https://www.reddit.com/r/SaaS/comments/1r5msfk/,2026-02-15 14:00,Emerging ecosystem forming. Agencies already billing $2K–$10K/deployment. Low-code angle.
29,Vibe coding safety guardrails (Governor),"Middleware/CLI that wraps AI coding agents to enforce safety policies: block destructive ops, sandbox file access, audit trail.",Medium,80,Open-core + paid team/enterprise dashboards,HN Show https://github.com/ulsc/governor,2026-02-15 14:00,AI coding agents exploding; safety tooling lags behind. B2B compliance sell.
30,AI career tools suite (no-signup),"Collection of free AI-powered career tools (resume review, cover letters, interview prep). No signup, no data stored. Monetize via premium.",Easy,50,Freemium (free basics + paid deep analysis/coaching),HN Show https://www.refine.tools/,2026-02-15 14:00,SEO-driven like idea #16. Job seekers = massive audience. Quick to ship.
31,Tech stack detection API,"Multi-layer API that detects what technologies a website uses (frameworks, CDNs, analytics, CMS). Useful for sales intelligence and competitive analysis.",Medium,70,Freemium API (free lookups + paid bulk/enrichment),HN Show https://detectzestack.fly.dev/,2026-02-15 18:00,Sales teams pay for this. Compete with BuiltWith/Wappalyzer on price + API-first DX.
32,Voice-to-structured-writing workspace,Speak ideas → AI cleans into structured docs. All captures in one workspace. Highlight & rewrite. OCR from images/PDFs. No tab switching.,Medium,100,"Freemium + paid pro (unlimited voice, team sharing)",r/SaaS https://www.reddit.com/r/SaaS/comments/1r5su8e/,2026-02-15 18:00,"Validated pain: ""I was managing tabs, not writing."" Voice-first differentiator."
33,AI agent context handoff tool,"CLI/service that tracks context across AI coding sessions. Serializes decisions, file changes, intent — so the next session picks up seamlessly.",Easy,40,Open-core + paid cloud sync/team features,HN Show https://github.com/manthan787/context-ledger,2026-02-15 18:00,"Every AI coder loses context between sessions. Real pain, small build."
34,Bot traffic visualizer (Knock-Knock),Dashboard that visualizes bots/scanners hitting your server in real-time. Gamified security awareness. Alerting on anomalies.,Easy,50,Freemium (free single-server + paid multi-server/alerts/team),HN Show https://knock-knock.net,2026-02-15 18:00,72 points in hours on HN. Engaging UX + security = viral potential.
35,Web article → ePub converter,"App/API to convert web articles, X/Twitter threads into ePub format for e-readers. Clean reading experience offline.",Easy,35,Freemium app + API for publishers,HN Show https://github.com/jtvargas/crosspoint-app,2026-02-15 18:00,Niche but loyal audience (e-reader users). iOS/macOS app already exists to fork from.
36,Financial document intelligence API,"AI-powered extraction from invoices, receipts, bank statements → categorized expenses + tax projections. API + digital products + freelance service triple play.",Medium,60,API per-call + digital product bundles ($19) + freelance margins,r/SaaS https://www.reddit.com/r/SaaS/comments/1r5y36f/,2026-02-15 22:00,Built in 5 days by a CFO. Tax season timing (Feb–Apr). Complements idea #15.
37,Invite-only event manager,"Lightweight tool for private events (founder dinners, curated gatherings): guest lists, RSVPs, reminders, check-in. Simpler than Luma/Eventbrite.",Easy,45,Freemium + paid tiers for larger events/CRM integrations,r/SaaS https://www.reddit.com/r/SaaS/comments/1r5xyg3/,2026-02-15 22:00,Real pain surfaced in r/SaaS. People using spreadsheets. Niche but high willingness to pay.
38,Screen recording → agent skills converter,"Record yourself doing a task → AI extracts it into a reusable automation/agent skill. Train agents by showing, not coding.",Hard,150,Usage-based (per-skill) + team/enterprise plans,HN Show https://skillforge.expert,2026-02-15 22:00,"""Show don't code"" paradigm for AI agents. High potential, harder to build."
39,AI customer profitability dashboard,Track per-customer token/API costs vs revenue for AI-powered businesses. See which customers are profitable and which are burning margin.,Medium,80,"Subscription per-seat, tiered by data volume",HN Show https://margindash.com/,2026-02-15 22:00,Every AI SaaS has this problem. Clear B2B value prop. Integrates with Stripe + LLM billing.
40,Self-hosted WhatsApp API gateway,Open-source multi-account WhatsApp API. Businesses self-host to send/receive messages programmatically without per-message fees.,Medium,100,Open-core: free self-host + paid cloud-managed/support/SLA,HN Show https://github.com/ribato22/MultiWA,2026-02-15 22:00,Huge demand in SMB messaging. WhatsApp Business API is expensive. Compliance risk to watch.
41,Reddit social listening for sales,"Track Reddit conversations where people need your product, get alerts, draft contextual replies. Chrome extension + dashboard.",Medium,80,Subscription tiered by keywords/subreddits tracked,HN Show https://upvotics.com/,2026-02-16 06:00,"Validated: Upvotics already live. Clone/improve with better analytics + multi-platform (Reddit + HN + Twitter). UPDATE 14:00: r/microsaas post asking for exactly this — no bots, just analytics. Founder wants brand mentions, complaint tracking, Google-ranking threads. Strong signal."
42,Invoice tracking without busywork,"Minimal invoice management: auto-reminders, payment status, overdue alerts. No bloat, just tracking. Targets freelancers/solopreneurs.",Easy,45,Freemium + paid tiers (more clients/automation),HN Show https://animusinvoice.com/beta.html,2026-02-16 06:00,Complements ideas #15 and #36. Simpler than FreshBooks. Beta just launched.
43,Open-source identity-based VPN (Twingate alt),"Self-hosted zero-trust network access. Identity-based tunnels, no port forwarding. Replaces Twingate/Zscaler for small teams.",Medium,120,Open-core: free self-host + paid cloud management/SSO/audit logs,HN Show https://github.com/fosrl/pangolin,2026-02-16 06:00,65+ HN points. Growing demand as remote work persists. Enterprise upsell clear.
44,Whitelabel CRM/automation for vertical niches,"Take GoHighLevel (or similar) and whitelabel it for a specific vertical (roofers, gyms, salons). Handle setup, charge monthly.",Easy,30,Monthly SaaS fee ($300-500/mo per client),r/SaaS https://www.reddit.com/r/SaaS/comments/1r66kn4/,2026-02-16 06:00,"Agency-to-SaaS pivot trend. Low dev, high margin if niche is right. Sales-heavy."
45,AI subscription usage tracker (LLM cost monitor),"Menu bar / dashboard app tracking AI subscription usage across providers (Claude, GPT, etc.). Alerts before limits. Budget management.",Easy,35,Freemium app + paid multi-account/team features,HN Show https://news.ycombinator.com/item?id=47033546,2026-02-16 06:00,"Everyone overspending on AI subs. Simple utility, clear pain. Pairs with idea #39. UPDATE 10:00: Also see Fuelcheck CLI (token-level tracking) https://github.com/chasebuild/fuelcheck-cli — validates demand."
46,LLM output validator / content compiler,"SaaS that takes raw LLM output and validates it against schemas, brand guidelines, or compliance rules before publishing. API + dashboard.",Medium,90,Usage-based API + monthly plans,HN Show https://gixo.ai,2026-02-16 10:00,Growing need as companies ship LLM content. QA layer for AI outputs. Enterprise compliance angle.
47,AI startup legal doc generator,"Generate incorporation docs, NDAs, SAFEs, privacy policies in minutes via AI. Guided questionnaire → polished legal docs.",Easy,40,Freemium (basic docs free) + paid complex docs/custom templates,HN Show https://foundercounsel.vercel.app,2026-02-16 10:00,Founders hate lawyers for routine docs. Compete on speed + price vs LegalZoom. Liability disclaimers critical.
48,Testimonial collection & embed widget,"Collect, moderate, and embed customer testimonials on any site. Simple form → moderation dashboard → JS embed widget.",Easy,35,"Freemium + paid tiers (more testimonials, custom branding, video)",r/SaaS https://www.reddit.com/r/SaaS/comments/1r6bmc6/,2026-02-16 10:00,"Builder validated: ""highest-impact conversion lever founders postpone longest."" Existing tools overpriced. Simple stack (Next.js + Supabase)."
49,Unified database client (SQL + NoSQL),"Desktop app with command palette that works across PostgreSQL, MySQL, Firestore, and more. One tool for all your databases.",Medium,100,"Free personal + paid team/enterprise (sharing, audit logs)",HN Show https://queryline.dev/,2026-02-16 10:00,Competes with TablePlus/DBeaver but adding NoSQL (Firestore) is a real differentiator.
50,Donor/stakeholder reporting dashboard,"Dashboard that auto-generates branded PPTX/PDF reports from project data. One-click export for nonprofits, agencies, consultants.",Easy,50,Subscription per-org + per-report credits,HN Show https://news.ycombinator.com/item?id=47035565,2026-02-16 10:00,Nonprofits/agencies waste hours on manual reporting. PPTX export is killer feature. Underserved market.
51,Personalized AI daily podcast,"5-min audio briefing tailored to your topics, goals, and interests. AI-generated script + TTS. Subscribe to topics like a feed.",Medium,90,"Freemium (1 topic free) + paid (unlimited topics, custom voices, team feeds)",HN Show https://www.aligned-app.com,2026-02-16 14:00,Audio content growing fast. Differentiator: hyper-personalized + short format. Retention via daily habit.
52,Photo authenticity verification API (C2PA),"Mobile SDK + API for hardware-signed photos using C2PA standard. Prove photos are real, not AI-generated. For journalism, insurance, real estate.",Hard,160,API per-verification + enterprise contracts,HN Show https://github.com/RoloBits/attestation-photo-mobile,2026-02-16 14:00,Deepfake crisis creates massive demand. C2PA is the emerging standard. First-mover in mobile SDK wins.
53,Wheelchair accessibility scores API,Crowdsourced + data-aggregated accessibility ratings for physical locations. Free API + paid premium data/analytics.,Medium,100,"Freemium API + paid enterprise (bulk data, custom integrations, white-label)",HN Show https://joinrollin.com/,2026-02-16 14:00,"56K+ locations already indexed. Social impact + B2B angle (real estate, travel, hospitality). ADA compliance driver."
54,Video sidebar/overlay tool,"Desktop app to add branded sidebars, lower-thirds, and info panels to existing videos. One-click export. Like what YC does on YouTube.",Easy,40,"Freemium (watermarked) + paid (no watermark, templates, batch processing)",HN Show https://seesaw.social/side-quests/yc-inspired-sidebar,2026-02-16 14:00,YouTubers and course creators need this. Simple ffmpeg wrapper with nice UX. Fast ship.
55,AI agent persistent memory engine,"Local-first memory system for AI agents. No vectors, no cloud. O(k) retrieval. Plug into Claude/GPT/any LLM for cross-session continuity.",Medium,80,Open-core + paid hosted/team/enterprise sync,HN Show https://github.com/RYJOX-Technologies/Synrix-Memory-Engine,2026-02-16 14:00,Every AI agent loses context. Local-first + privacy angle. Complements idea #33 (context handoff).
56,Personalized dev news digest (email/RSS),"Curated daily email digests from HN, Reddit, Lobsters filtered by your interests. No noise, just signal.",Easy,35,"Freemium (1 digest free) + paid (multiple digests, Slack/Discord delivery, team feeds)",HN Show https://snapbyte.dev,2026-02-16 18:00,Complements idea #51 (podcast) but text-first. Developers hate missing important threads. Simple scraper + ranking algo.
57,Unified data source API gateway,"Connect all your data sources (DBs, APIs, SaaS tools) into one queryable API. No ETL pipelines, just plug and query.",Medium,120,Usage-based (per-query) + monthly plans by data sources connected,HN Show https://playground.get-nerve.com/,2026-02-16 18:00,9 HN points fast. Every company has data silos. Compete on simplicity vs Airbyte/Fivetran. Dev-first DX.
58,AI-powered SaaS localization platform,"AI drafts + human review for UI strings, docs, marketing copy. Terminology management per-product. Multilingual SEO included.",Medium,100,Per-word pricing + monthly retainer for ongoing localization,r/SaaS https://www.reddit.com/r/SaaS/comments/1r6ojg0/,2026-02-16 18:00,PM reports 30% cost reduction with AI+human hybrid. Growing need as SaaS goes global. Integrates with i18n frameworks.
59,UI visual linter (ViewLint),"CLI/CI tool that lints rendered UI for visual issues: spacing, alignment, contrast, responsive breakpoints. Screenshot-based, not code-based.",Easy,50,Open-core + paid CI integration/team dashboards,HN Show https://github.com/EvanZhouDev/viewlint,2026-02-16 18:00,"Novel angle: lint what users SEE, not what devs write. Pairs with design systems. QA teams would pay."
60,All-in-one freelancer/agency workspace,CRM + project mgmt + invoicing + time tracking + client portal in one app. No stitching Notion + Stripe + Trello.,Medium,140,Freemium (solo free) + paid team/agency tiers,HN Show https://www.7desk.io,2026-02-16 18:00,"Crowded but demand is endless. Win by being opinionated for a niche (e.g., dev agencies only). Compete on simplicity."