Rank,Original ID,Idea,Description,Difficulty,Est. Hours,Monetization,Source,Date Found,Why This Will Make Money
1,23,Failed payment recovery (RevenueBack),"Automated dunning to recover failed subscription payments: smart retry, email sequences, payment method updater.",Medium,80,% of recovered revenue or flat monthly,HN Show,2026-02-15,Direct ROI: 'we make you money.' Every Stripe/Paddle SaaS loses 5-10% to failed payments.
2,44,Whitelabel CRM for vertical niches,"Take GoHighLevel and whitelabel for a specific vertical (roofers, gyms, salons).",Easy,30,Monthly SaaS fee ($300-500/mo per client),r/SaaS,2026-02-16,"Lowest effort, highest margin. $300-500/mo per client. Agency-to-SaaS pivot trend."
3,28,AI agent deployment agency,Managed service deploying AI agent stacks for SMBs ($2K-$10K).,Easy,40,Setup fee + monthly retainer,r/SaaS,2026-02-15,"Agencies already billing $2K-$10K/deployment. Low-code, high margin."
4,36,Financial document intelligence API,"AI extraction from invoices, receipts, bank statements -> categorized expenses + tax projections.",Medium,60,API per-call + digital bundles + freelance,r/SaaS,2026-02-15,Built in 5 days by a CFO. Tax season timing. Triple monetization.
5,48,Testimonial collection & embed widget,"Collect, moderate, embed customer testimonials. Form -> moderation -> JS widget.",Easy,35,Freemium + paid tiers,r/SaaS,2026-02-16,Existing tools overpriced. Every SaaS needs social proof. Fast ship.
6,41,Reddit social listening for sales,"Track Reddit convos where people need your product. Alerts, analytics.",Medium,80,Subscription tiered by keywords,HN + r/microsaas,2026-02-16,Triple-validated demand. $80+/mo market. Competitors overpriced.
7,15,Bank statement converter SaaS,"Upload bank statements (PDF/CSV), auto-parse to standardized accounting formats.",Easy,40,Pay-per-conversion + monthly sub,IndieHackers,2026-02-14,"Accountants need this daily. Simple utility, recurring need."
8,26,PII sanitizer API,Detect and strip PII from text before sending to LLMs. Prompt injection scanner.,Easy,35,Freemium API + paid volume,HN Show,2026-02-15,"Critical as LLM adoption grows. Enterprise compliance. Tiny MVP, huge market."
9,39,AI customer profitability dashboard,Track per-customer token/API costs vs revenue for AI businesses.,Medium,80,Subscription per-seat,HN Show,2026-02-15,Every AI SaaS has this problem RIGHT NOW. Integrates Stripe + LLM billing.
10,22,Webhook debugger & retry dashboard,"Inspect failed webhooks, view payloads, replay/retry, monitor delivery.",Easy,40,Freemium + paid team/volume,HN Show,2026-02-15,"Every SaaS sends webhooks; debugging is painful. Quick ship, sticky product."